{
  "registers": [
    {
      "id": 1,
      "firstName": "Tanuja",
      "lastName": "Kulasekaran",
      "dateOfBirth": "01-01-2000",
      "emailAddress": "tan@gmail.com",
      "addressLine1": "GandhiNagar",
      "addressLine2": "Kolathur",
      "city": "Chennai",
      "state": "TamilNadu",
      "country": "India",
      "zipCode": 600110,
      "username": "Tanuja123",
      "password": "Tanuja321"
    },
    {
      "id": 2,
      "firstName": "Divya",
      "lastName": "Ganesan",
      "dateOfBirth": "01-01-1999",
      "emailAddress": "divya@gmail.com",
      "addressLine1": "NehruNagar",
      "addressLine2": "Chepauk",
      "city": "Chennai",
      "state": "TamilNadu",
      "country": "India",
      "zipCode": 600040,
      "username": "Divya123",
      "password": "Divya321"
    },
    {
      "id": 3,
      "firstName": "Gayathri",
      "lastName": "Ramesh",
      "dateOfBirth": "2020-08-15",
      "emailAddress": "gayathri@gmail.com",
      "addressLine1": "PatelNagar",
      "addressLine2": "Kilpauk",
      "city": "Chennai",
      "state": "TamilNadu",
      "country": "India",
      "zipCode": "600060",
      "username": "Gayathri123",
      "passwordGroup": {
        "password": "Gayathri321",
        "reenterPassword": "Gayathri321"
      }
    }
  ]
}